,NR,address,geometry,Nr,Namn,Typ,Address4,Address5,total,lat,lon
0,0102,"Karlaplan, 114 60 Stockholm, Sweden",POINT (18.0890531 59.3371234),0102,Fältöversten,Butik,STOCKHOLM,Stockholms län,68,59.3371234,18.0890531
1,0104,"Nybrogatan, Stockholm, Sweden",POINT (18.0794388 59.3373696),0104,,Butik,STOCKHOLM,Stockholms län,81,59.3373696,18.0794388
2,0106,"Karlavägen 100A, 115 26 Stockholm, Sweden",POINT (18.0965039 59.3360466),0106,Garnisonen,Butik,STOCKHOLM,Stockholms län,77,59.3360466,18.0965039
3,0110,"Sergelgatan 29, 111 57 Stockholm, Sweden",POINT (18.0628982 59.3340599),0110,,Butik,STOCKHOLM,Stockholms län,41,59.3340599,18.0628982
4,0113,"Drottninggatan, Stockholm, Sweden",POINT (18.0604803 59.3347959),0113,Sergel,Butik,STOCKHOLM,Stockholms län,78,59.3347959,18.0604803
5,0114,"Norrlandsgatan, Stockholm, Sweden",POINT (18.0711835 59.33485880000001),0114,PK-Huset,Butik,STOCKHOLM,Stockholms län,81,59.33485880000001,18.0711835
6,0116,"Drottninggatan, Stockholm, Sweden",POINT (18.0604803 59.3347959),0116,,Butik,STOCKHOLM,Stockholms län,81,59.3347959,18.0604803
7,0132,"9,112, Rålambsvägen 7, 112 59 Stockholm, Sweden",POINT (18.0178136 59.3280796),0132,Marieberg,Butik,STOCKHOLM,Stockholms län,69,59.3280796,18.0178136
8,0133,"Kungsholmstorg 11A, 112 21 Stockholm, Sweden",POINT (18.0423384 59.32832249999999),0133,,Butik,STOCKHOLM,Stockholms län,68,59.32832249999999,18.0423384
9,0134,"Lindhagensgatan, Stockholm, Sweden",POINT (18.0119691 59.33572119999999),0134,,Butik,STOCKHOLM,Stockholms län,77,59.33572119999999,18.0119691
10,0135,"Ångermannagatan, Stockholm, Sweden",POINT (17.8815678 59.3626137),0135,,Butik,VÄLLINGBY,Stockholms län,81,59.3626137,17.8815678
11,0137,"Fleminggatan, Stockholm, Sweden",POINT (18.0379726 59.33375699999999),0137,,Butik,STOCKHOLM,Stockholms län,77,59.33375699999999,18.0379726
12,0138,"Odengatan, Stockholm, Sweden",POINT (18.0524155 59.34329760000001),0138,,Butik,STOCKHOLM,Stockholms län,41,59.34329760000001,18.0524155
13,0140,"Solnavägen 2b, 113 65 Stockholm, Sweden",POINT (18.0331327 59.34654949999999),0140,Torsplan,Butik,STOCKHOLM,Stockholms län,82,59.34654949999999,18.0331327
14,0143,"Odengatan, Stockholm, Sweden",POINT (18.0524155 59.34329760000001),0143,Odenplan,Butik,STOCKHOLM,Stockholms län,63,59.34329760000001,18.0524155
15,0144,"Birger Jarlsgatan, Stockholm, Sweden",POINT (18.0655154 59.3413505),0144,Jarlaplan,Butik,STOCKHOLM,Stockholms län,62,59.3413505,18.0655154
16,0145,"Sveavägen, Stockholm, Sweden",POINT (18.056356 59.3431295),0145,,Butik,STOCKHOLM,Stockholms län,77,59.3431295,18.056356
17,0146,"Vasagatan, Stockholm, Sweden",POINT (18.0582435 59.33189699999999),0146,,Butik,STOCKHOLM,Stockholms län,78,59.33189699999999,18.0582435
18,0147,"Klädesvägen, 168 76 Stockholm, Sweden",POINT (17.9411113 59.3387656),0147,Brommaplan,Butik,BROMMA,Stockholms län,77,59.3387656,17.9411113
19,0148,"Hässelby torg, Stockholm, Sweden",POINT (17.8430429 59.3666675),0148,,Butik,HÄSSELBY,Stockholms län,60,59.3666675,17.8430429
20,0150,"Kista Galleria, Danmarksgatan 42a, 164 91 Kista, Sweden",POINT (17.942718 59.4043155),0150,,Butik,KISTA,Stockholms län,77,59.4043155,17.942718
21,0151,"Ulvsundavägen 189A, 168 67 Bromma, Sweden",POINT (17.9540372 59.3560317),0151,Bromma Blocks,Butik,BROMMA,Stockholms län,82,59.3560317,17.9540372
22,0163,"Götgatan 132, 118 62 Stockholm, Sweden",POINT (18.0740144 59.3081016),0163,Ringen,Butik,STOCKHOLM,Stockholms län,70,59.3081016,18.0740144
23,0165,"Folkungagatan 56, 116 22 Stockholm, Sweden",POINT (18.0754154 59.3143026),0165,,Butik,STOCKHOLM,Stockholms län,79,59.3143026,18.0754154
24,0166,"Medborgarplatsen, Stockholm, Sweden",POINT (18.0716607 59.31467889999999),0166,Söderhallarna,Butik,STOCKHOLM,Stockholms län,66,59.31467889999999,18.0716607
25,0167,"Folkungagatan, Stockholm, Sweden",POINT (18.0882871 59.3152446),0167,,Butik,STOCKHOLM,Stockholms län,77,59.3152446,18.0882871
26,0168,"Gullmarsplan 4, 121 40 Johanneshov, Sweden",POINT (18.0790566 59.298469),0168,,Butik,JOHANNESHOV,Stockholms län,77,59.298469,18.0790566
27,0170,"Arenavägen, Stockholm, Sweden",POINT (18.0816767 59.29230630000001),0170,Globen,Butik,JOHANNESHOV,Stockholms län,77,59.29230630000001,18.0816767
28,0171,"1,117, Liljeholmstorget 3, 117 63 Stockholm, Sweden",POINT (18.022512 59.309814),0171,Liljeholmen,Butik,STOCKHOLM,Stockholms län,83,59.309814,18.022512
29,0172,"Rosenlundsgatan, Stockholm, Sweden",POINT (18.0568833 59.3143623),0172,,Butik,STOCKHOLM,Stockholms län,77,59.3143623,18.0568833
30,0173,"Lugnets Allé 26, 120 66 Stockholm, Sweden",POINT (18.1034372 59.30231620000001),0173,Hammarby Sjöstad,Butik,STOCKHOLM,Stockholms län,77,59.30231620000001,18.1034372
31,0174,"Långholmsgatan 17-21, 117 33 Stockholm, Sweden",POINT (18.0339863 59.31655),0174,,Butik,STOCKHOLM,Stockholms län,83,59.31655,18.0339863
32,0176,"Västbergavägen 4, 126 30 Hägersten, Sweden",POINT (18.0047004 59.29379340000001),0176,,Butik,Hägersten,Stockholms län,84,59.29379340000001,18.0047004
33,0177,"Högdalsgången, 124 54 Stockholm, Sweden",POINT (18.0423281 59.2634686),0177,,Butik,BANDHAGEN,Stockholms län,77,59.2634686,18.0423281
34,0178,"Farstaplan, Stockholm, Sweden",POINT (18.0911093 59.2432822),0178,,Butik,FARSTA,Stockholms län,82,59.2432822,18.0911093
35,0180,"Fruängsgången, 129 52 Stockholm, Sweden",POINT (17.9653464 59.2862186),0180,,Butik,HÄGERSTEN,Stockholms län,76,59.2862186,17.9653464
36,0182,"Skärholmsplan, 127 48 Stockholm, Sweden",POINT (17.9100192 59.27660599999999),0182,,Butik,SKÄRHOLMEN,Stockholms län,76,59.27660599999999,17.9100192
37,0201,"Solna Municipality, Sweden",POINT (18.0124231 59.36419679999999),0201,,Butik,SOLNA,Stockholms län,77,59.36419679999999,18.0124231
38,0202,"Landsvägen 53B, 172 64 Sundbyberg, Sweden",POINT (17.9676245 59.3612775),0202,,Butik,SUNDBYBERG,Stockholms län,82,59.3612775,17.9676245
39,0204,"Söderhamnen, Vaxholm, Sweden",POINT (18.3514888 59.401537),0204,,Butik,VAXHOLM,Stockholms län,62,59.401537,18.3514888
40,0205,"763 34 Hallstavik, Sweden",POINT (18.5974883 60.05054750000001),0205,,Butik,HALLSTAVIK,Stockholms län,56,60.05054750000001,18.5974883
41,0206,"Tullportsgatan, 761 30 Norrtälje, Sweden",POINT (18.7003888 59.7571081),0206,,Butik,NORRTÄLJE,Stockholms län,76,59.7571081,18.7003888
42,0207,"Stora Gatan 56c, 193 30 Sigtuna, Sweden",POINT (17.7195866 59.6154885),0207,,Butik,SIGTUNA,Stockholms län,63,59.6154885,17.7195866
43,0208,"Lunagallerian, 151 72 Södertälje, Sweden",POINT (17.6266984 59.196951),0208,,Butik,SÖDERTÄLJE,Stockholms län,76,59.196951,17.6266984
44,0209,"Genetaleden, Södertälje, Sweden",POINT (17.599236 59.18290990000001),0209,,Butik,SÖDERTÄLJE,Stockholms län,81,59.18290990000001,17.599236
45,0210,"Mörbyvägen, Nynäshamn, Sweden",POINT (17.9423565 58.9007254),0210,,Butik,NYNÄSHAMN,Stockholms län,76,58.9007254,17.9423565
46,0211,"Friggavägen, Lidingö, Sweden",POINT (18.1303314 59.3679186),0211,,Butik,LIDINGÖ,Stockholms län,82,59.3679186,18.1303314
47,0212,"Saluvägen, 187 66 Täby, Sweden",POINT (18.1353657 59.4609137),0212,Arninge,Butik,TÄBY,Stockholms län,83,59.4609137,18.1353657
48,0213,"Golfvägen 6a, 182 31 Danderyd, Sweden",POINT (18.036886 59.397091),0213,Mörby Centrum,Butik,DANDERYD,Stockholms län,83,59.397091,18.036886
49,0214,"177 30 Järfälla, Sweden",POINT (17.8374628 59.42285149999999),0214,Jakobsbergs Centrum,Butik,JÄRFÄLLA,Stockholms län,76,59.42285149999999,17.8374628
50,0215,"Norra Galleriagången 1024, 183 34 Täby, Sweden",POINT (18.0735339 59.4445748),0215,Täby Centrum,Butik,TÄBY,Stockholms län,83,59.4445748,18.0735339
51,0216,"Sollentunavägen 163 C, 191 47 Sollentuna, Sweden",POINT (17.9512143 59.4281614),0216,Sollentuna Centrum,Butik,SOLLENTUNA,Stockholms län,77,59.4281614,17.9512143
52,0217,"Sjödalstorget, 141 47 Huddinge, Sweden",POINT (17.982312 59.2361033),0217,,Butik,HUDDINGE,Stockholms län,83,59.2361033,17.982312
53,0218,"Nymärsta kulle, Märsta, Sweden",POINT (17.8578516 59.6206828),0218,,Butik,MÄRSTA,Stockholms län,76,59.6206828,17.8578516
54,0219,"Dragonvägen, Upplands Väsby, Sweden",POINT (17.9093434 59.5174148),0219,Väsby Centrum,Butik,UPPLANDS VÄSBY,Stockholms län,76,59.5174148,17.9093434
55,0220,"Forumvägen 14, 131 53 Nacka, Sweden",POINT (18.1651117 59.3101436),0220,,Butik,NACKA,Stockholms län,83,59.3101436,18.1651117
56,0221,"Tyresö Municipality, Sweden",POINT (18.2964802 59.23400949999999),0221,,Butik,TYRESÖ,Stockholms län,76,59.23400949999999,18.2964802
57,0222,"Haninge Municipality, Sweden",POINT (18.1564414 59.1783175),0222,Haninge Centrum,Butik,HANINGE,Stockholms län,80,59.1783175,18.1564414
58,0223,"134 22, Centrumvägen 22, 134 22 Gustavsberg, Sweden",POINT (18.3916204 59.3269572),0223,,Butik,GUSTAVSBERG,Stockholms län,54,59.3269572,18.3916204
59,0224,"Torggatan, Saltsjöbaden, Sweden",POINT (18.2733068 59.2854445),0224,,Butik,SALTSJÖBADEN,Stockholms län,64,59.2854445,18.2733068
60,0225,"Tumba torg, Botkyrka, Sweden",POINT (17.8369982 59.19908900000001),0225,,Butik,TUMBA,Stockholms län,75,59.19908900000001,17.8369982
61,0226,"Kumla gårdsväg 30 A, 145 63 Norsborg, Sweden",POINT (17.8314774 59.2373214),0226,Botkyrka,Butik,NORSBORG,Stockholms län,82,59.2373214,17.8314774
62,0227,"Skogåsplan 9, 142 30 Skogås, Sweden",POINT (18.1533164 59.2178327),0227,Skogås Centrum,Butik,SKOGÅS,Stockholms län,54,59.2178327,18.1533164
63,0228,"Storängstorget, 184 30 Åkersberga, Sweden",POINT (18.2987223 59.48031950000001),0228,,Butik,ÅKERSBERGA,Stockholms län,79,59.48031950000001,18.2987223
64,0229,"Tuna Torg, Vallentuna, Sweden",POINT (18.0795062 59.5347317),0229,,Butik,VALLENTUNA,Stockholms län,76,59.5347317,18.0795062
65,0230,"Saltsjö-boo, Sweden",POINT (18.2867058 59.3307172),0230,Orminge Centrum,Butik,SALTSJÖ-BOO,Stockholms län,77,59.3307172,18.2867058
66,0231,"Ångbåtsvägen, Ekerö, Sweden",POINT (17.8077623 59.28988769999999),0231,Ekerö Centrum,Butik,EKERÖ,Stockholms län,72,59.28988769999999,17.8077623
67,0232,"Tangentvägen, 141 75 Huddinge, Sweden",POINT (17.9206747 59.2685752),0232,Kungens Kurva,Butik,KUNGENS KURVA,Stockholms län,82,59.2685752,17.9206747
68,0234,"SÄBY TORG 19, 144 30 Rönninge, Sweden",POINT (17.7671011 59.20188739999999),0234,Salem Centrum,Butik,RÖNNINGE,Stockholms län,56,59.20188739999999,17.7671011
69,0235,"Kyrkvägen 4A, 196 30 Kungsängen, Sweden",POINT (17.7508397 59.47972039999999),0235,,Butik,KUNGSÄNGEN,Stockholms län,53,59.47972039999999,17.7508397
70,0236,"Köpmannagatan, 762 31 Rimbo, Sweden",POINT (18.3685414 59.74311720000001),0236,,Butik,RIMBO,Stockholms län,59,59.74311720000001,18.3685414
71,0237,"Siroccogatan, 131 54 Nacka, Sweden",POINT (18.127312 59.3047384),0237,Sickla,Butik,NACKA,Stockholms län,82,59.3047384,18.127312
72,0238,"Fenix väg, 134 44 Gustavsberg, Sweden",POINT (18.4271591 59.3137108),0238,Mölnvik,Butik,GUSTAVSBERG,Stockholms län,84,59.3137108,18.4271591
73,0239,"Kyrkvägen, 137 38 Västerhaninge, Sweden",POINT (18.1073132 59.1228916),0239,Västerhaninge centrum,Butik,VÄSTERHANINGE,Stockholms län,58,59.1228916,18.1073132
74,0240,"Konsumentvägen, Sollentuna, Sweden",POINT (17.9167513 59.4717095),0240,Rotebro,Butik,SOLLENTUNA,Stockholms län,83,59.4717095,17.9167513
75,0243,"Majorsvägen 2d, 177 44 Järfälla, Sweden",POINT (17.862353 59.41457800000001),0243,Barkarby,Butik,JÄRFÄLLA,Stockholms län,81,59.41457800000001,17.862353
76,0244,"Råsta Strandväg 13c, 169 79 Solna, Sweden",POINT (18.00503 59.370045),0244,Mall of Scandinavia,Butik,Solna,Stockholms län,83,59.370045,18.00503
77,0245,"Haninge Municipality, Sweden",POINT (18.1564414 59.1783175),0245,Haninge Söderby,Butik,HANINGE,Stockholms län,81,59.1783175,18.1564414
78,0246,"Norra Malmvägen 80, 191 62 Sollentuna, Sweden",POINT (17.9352744 59.4397417),0246,Häggvik,Butik,SOLLENTUNA,Stockholms län,83,59.4397417,17.9352744
79,0301,"Valthornsvägen, Uppsala, Sweden",POINT (17.6291633 59.8098126),0301,Gottsunda centrum,Butik,UPPSALA,Uppsala län,64,59.8098126,17.6291633
80,0302,"Dragarbrunnsgatan 48A, 753 20 Uppsala, Sweden",POINT (17.6421671 59.85840990000001),0302,,Butik,UPPSALA,Uppsala län,77,59.85840990000001,17.6421671
81,0303,"Herrhagsvägen 1, 752 67 Uppsala, Sweden",POINT (17.5649976 59.8493173),0303,Stenhagen,Butik,UPPSALA,Uppsala län,83,59.8493173,17.5649976
82,0305,"Marknadsgatan, Uppsala, Sweden",POINT (17.6713828 59.8765986),0305,Gränbystaden,Butik,UPPSALA,Uppsala län,83,59.8765986,17.6713828
83,0306,"Centrumgränd, 746 32 Bålsta, Sweden",POINT (17.529132 59.5676747),0306,,Butik,BÅLSTA,Uppsala län,76,59.5676747,17.529132
84,0307,"Östra Ringgatan, Enköping, Sweden",POINT (17.0816817 59.63385040000001),0307,,Butik,ENKÖPING,Uppsala län,78,59.63385040000001,17.0816817
85,0308,"Centralgatan 14, 815 38 Tierp, Sweden",POINT (17.5144467 60.3439752),0308,,Butik,TIERP,Uppsala län,54,60.3439752,17.5144467
86,0309,"Rådhusgatan 10, 742 42 Öregrund, Sweden",POINT (18.4397463 60.3389901),0309,,Butik,ÖREGRUND,Uppsala län,56,60.3389901,18.4397463
87,0310,"Centrumgatan 7, 814 30 Skutskär, Sweden",POINT (17.4145289 60.62492589999999),0310,,Butik,SKUTSKÄR,Uppsala län,55,60.62492589999999,17.4145289
88,0311,"Vaksalagatan, Uppsala, Sweden",POINT (17.6730098 59.87434529999999),0311,Kvarnen,Butik,UPPSALA,Uppsala län,76,59.87434529999999,17.6730098
89,0312,"Stångjärnsgatan, 753 23 Uppsala, Sweden",POINT (17.6819772 59.84686629999999),0312,Boländerna,Butik,UPPSALA,Uppsala län,83,59.84686629999999,17.6819772
90,0313,"Gredelbyvägen, Knivsta, Sweden",POINT (17.7912703 59.7280642),0313,,Butik,KNIVSTA,Uppsala län,63,59.7280642,17.7912703
91,0401,"Västra Storgatan, Nyköping, Sweden",POINT (17.0080535 58.7527984),0401,Nyköping City,Butik,NYKÖPING,Södermanlands län,78,58.7527984,17.0080535
92,0402,"Östra Långgatan, 619 30 Trosa, Sweden",POINT (17.5475769 58.8976896),0402,,Butik,TROSA,Södermanlands län,56,58.8976896,17.5475769
93,0403,"Kungsgatan, Eskilstuna, Sweden",POINT (16.4982224 59.37711599999999),0403,,Butik,ESKILSTUNA,Södermanlands län,76,59.37711599999999,16.4982224
94,0404,"Albertina Nyströms väg, 632 22 Eskilstuna, Sweden",POINT (16.471217 59.3732037),0404,Tuna park,Butik,ESKILSTUNA,Södermanlands län,81,59.3732037,16.471217
95,0405,"Levins gränd, 644 32 Torshälla, Sweden",POINT (16.4761687 59.41999769999999),0405,,Butik,TORSHÄLLA,Södermanlands län,53,59.41999769999999,16.4761687
96,0406,"Köpmangatan, 641 30 Katrineholm, Sweden",POINT (16.2051866 58.9957049),0406,,Butik,KATRINEHOLM,Södermanlands län,76,58.9957049,16.2051866
97,0407,"Trädgårdsgatan, Strängnäs, Sweden",POINT (17.0282803 59.3756818),0407,,Butik,STRÄNGNÄS,Södermanlands län,76,59.3756818,17.0282803
98,0408,"Storgatan 17, 647 30 Mariefred, Sweden",POINT (17.2202779 59.2591407),0408,,Butik,MARIEFRED,Södermanlands län,57,59.2591407,17.2202779
99,0409,"Landsvägsgatan, Malmköping, Sweden",POINT (16.7217721 59.1365499),0409,,Butik,MALMKÖPING,Södermanlands län,38,59.1365499,16.7217721
100,0410,"Götgatan 1, 642 37 Flen, Sweden",POINT (16.5886942 59.05842149999999),0410,,Butik,FLEN,Södermanlands län,56,59.05842149999999,16.5886942
101,0411,"Oxelösund, Sweden",POINT (17.0749546 58.6754851),0411,,Butik,OXELÖSUND,Södermanlands län,53,58.6754851,17.0749546
102,0412,"Storgatan 18, 643 30 Vingåker, Sweden",POINT (15.8725733 59.0450625),0412,,Butik,VINGÅKER,Södermanlands län,56,59.0450625,15.8725733
103,0413,"Västra Storgatan 16A, 646 31 Gnesta, Sweden",POINT (17.3066471 59.04896340000001),0413,,Butik,GNESTA,Södermanlands län,62,59.04896340000001,17.3066471
104,0414,"Gustafsbergsstigen, Nyköping, Sweden",POINT (17.0208904 58.7697506),0414,Gustafsberg,Butik,NYKÖPING,Södermanlands län,83,58.7697506,17.0208904
105,0501,"Ekholmens centrum, 589 25 Linköping, Sweden",POINT (15.6815107 58.380049),0501,,Butik,LINKÖPING,Östergötlands län,76,58.380049,15.6815107
106,0504,"Västra Svedengatan, Linköping, Sweden",POINT (15.5889729 58.43232279999999),0504,Tornby,Butik,LINKÖPING,Östergötlands län,82,58.43232279999999,15.5889729
107,0505,"Repslagaregatan 25, 582 22 Linköping, Sweden",POINT (15.627365 58.41058839999999),0505,Gyllentorget,Butik,LINKÖPING,Östergötlands län,77,58.41058839999999,15.627365
108,0506,"Adelswärdsgatan 4C, 597 30 Åtvidaberg, Sweden",POINT (15.9985292 58.2019434),0506,,Butik,ÅTVIDABERG,Östergötlands län,54,58.2019434,15.9985292
109,0507,"Jerikodalsgatan 1-3, 595 30 Mjölby, Sweden",POINT (15.1260174 58.32635999999999),0507,,Butik,MJÖLBY,Östergötlands län,59,58.32635999999999,15.1260174
110,0509,"Hovsgatan, 592 30 Vadstena, Sweden",POINT (14.8907608 58.4465559),0509,,Butik,VADSTENA,Östergötlands län,55,58.4465559,14.8907608
111,0510,"Kungsgatan, 591 30 Motala, Sweden",POINT (15.0366117 58.5370437),0510,,Butik,MOTALA,Östergötlands län,76,58.5370437,15.0366117
112,0511,"Kromgatan, 602 23 Norrköping, Sweden",POINT (16.1662598 58.61287410000001),0511,Handelscentrum Ingelsta,Butik,Norrköping,Östergötlands län,78,58.61287410000001,16.1662598
113,0513,"Hantverkaregatan, Norrköping, Sweden",POINT (16.194796 58.58789780000001),0513,,Butik,NORRKÖPING,Östergötlands län,77,58.58789780000001,16.194796
114,0516,"Lidaleden 12, 603 59 Norrköping, Sweden",POINT (16.2094721 58.5728064),0516,,Butik,NORRKÖPING,Östergötlands län,82,58.5728064,16.2094721
115,0517,"Blygatan, 602 23 Norrköping, Sweden",POINT (16.1681619 58.6144705),0517,Ingelsta-Norrköping,Butik,NORRKÖPING,Östergötlands län,82,58.6144705,16.1681619
116,0518,"Rådhustorget, 614 34 Söderköping, Sweden",POINT (16.3202548 58.4819778),0518,,Butik,SÖDERKÖPING,Östergötlands län,53,58.4819778,16.3202548
117,0519,"CENTRALPLAN 2, 615 30 Valdemarsvik, Sweden",POINT (16.602536 58.2028365),0519,,Butik,VALDEMARSVIK,Östergötlands län,57,58.2028365,16.602536
118,0520,"Bergslagsvägen, Finspång, Sweden",POINT (15.7572541 58.7095459),0520,,Butik,FINSPÅNG,Östergötlands län,56,58.7095459,15.7572541
119,0521,"Torggatan, 590 37 Kisa, Sweden",POINT (15.6330389 57.98839029999999),0521,,Butik,KISA,Östergötlands län,39,57.98839029999999,15.6330389
120,0522,"Riddaregatan, 599 31 Ödeshög, Sweden",POINT (14.651879 58.2286231),0522,,Butik,ÖDESHÖG,Östergötlands län,44,58.2286231,14.651879
121,0523,"Hagagatan 1a, 570 60 Ydre, Sweden",POINT (15.2766086 57.8244425),0523,,Butik,Ydre,Östergötlands län,38,57.8244425,15.2766086
122,0524,"Postgatan 5C, 590 11 Boxholm, Sweden",POINT (15.0553881 58.19704890000001),0524,,Butik,BOXHOLM,Östergötlands län,39,58.19704890000001,15.0553881
123,0525,"Åsmestadsgatan, 583 38 Linköping, Sweden",POINT (15.5888058 58.3878176),0525,Djurgården,Butik,Linköping,Östergötlands län,80,58.3878176,15.5888058
124,0601,"Bataljonsgatan, 553 05 Jönköping, Sweden",POINT (14.2044718 57.7708452),0601,A6,Butik,JÖNKÖPING,Jönköpings län,82,57.7708452,14.2044718
125,0602,"Fiskargränd, 553 20 Jönköping, Sweden",POINT (14.1721675 57.7804878),0602,Atollen,Butik,JÖNKÖPING,Jönköpings län,76,57.7804878,14.1721675
126,0604,"Jönköpingsvägen 7B, 566 31 Habo, Sweden",POINT (14.0746359 57.9085022),0604,,Butik,HABO,Jönköpings län,54,57.9085022,14.0746359
127,0605,"Luddögatan 5B, 331 30 Värnamo, Sweden",POINT (14.0404685 57.1842401),0605,,Butik,VÄRNAMO,Jönköpings län,78,57.1842401,14.0404685
128,0606,"Rosenborgsgatan, 561 31 Huskvarna, Sweden",POINT (14.2775942 57.79056060000001),0606,,Butik,HUSKVARNA,Jönköpings län,55,57.79056060000001,14.2775942
129,0607,"Storgatan, Nässjö, Sweden",POINT (14.6925122 57.65570369999999),0607,,Butik,NÄSSJÖ,Jönköpings län,59,57.65570369999999,14.6925122
130,0608,"Biblioteksgatan, Vetlanda, Sweden",POINT (15.0849407 57.4250419),0608,,Butik,VETLANDA,Jönköpings län,55,57.4250419,15.0849407
131,0609,"Södra Storgatan 4C, 575 31 Eksjö, Sweden",POINT (14.973024 57.66511750000001),0609,,Butik,EKSJÖ,Jönköpings län,55,57.66511750000001,14.973024
132,0610,"Storgatan, Tranås, Sweden",POINT (14.976527 58.0356022),0610,,Butik,TRANÅS,Jönköpings län,64,58.0356022,14.976527
133,0611,"Köpmangatan, Gislaved, Sweden",POINT (13.5419281 57.3016768),0611,,Butik,GISLAVED,Jönköpings län,63,57.3016768,13.5419281
134,0612,"Storgatan, 576 31 Sävsjö, Sweden",POINT (14.6670071 57.4008119),0612,,Butik,SÄVSJÖ,Jönköpings län,38,57.4008119,14.6670071
135,0613,"Köpmansgatan, Aneby, Sweden",POINT (14.8175395 57.838786),0613,,Butik,ANEBY,Jönköpings län,43,57.838786,14.8175395
136,0615,"Köpmansgatan 2, 335 30 Gnosjö, Sweden",POINT (13.7325151 57.3591111),0615,,Butik,GNOSJÖ,Jönköpings län,39,57.3591111,13.7325151
137,0616,"Järnvägsgatan, Mullsjö, Sweden",POINT (13.8921436 57.9170773),0616,,Butik,MULLSJÖ,Jönköpings län,38,57.9170773,13.8921436
138,0618,"568 30 Skillingaryd, Sweden",POINT (14.0930901 57.4198978),0618,,Butik,SKILLINGARYD,Jönköpings län,43,57.4198978,14.0930901
139,0619,"Ribbagårdsgränd, Gränna, Sweden",POINT (14.4659236 58.02287989999999),0619,,Butik,GRÄNNA,Jönköpings län,42,58.02287989999999,14.4659236
140,0701,"Storgatan, Växjö, Sweden",POINT (14.7898253 56.87876139999999),0701,Affärshuset Tegner,Butik,VÄXJÖ,Kronobergs län,78,56.87876139999999,14.7898253
141,0702,"Eskilsgatan, Ljungby, Sweden",POINT (13.9412331 56.834787),0702,,Butik,LJUNGBY,Kronobergs län,59,56.834787,13.9412331
142,0703,"Norra Esplanaden, Älmhult, Sweden",POINT (14.1410958 56.55337340000001),0703,,Butik,ÄLMHULT,Kronobergs län,54,56.55337340000001,14.1410958
143,0704,"Storgatan, 342 30 Alvesta, Sweden",POINT (14.5567637 56.900534),0704,,Butik,ALVESTA,Kronobergs län,62,56.900534,14.5567637
144,0705,"Drottninggatan, Markaryd, Sweden",POINT (13.5985995 56.4652315),0705,,Butik,MARKARYD,Kronobergs län,38,56.4652315,13.5985995
145,0706,"Södra Storgatan, Tingsryd, Sweden",POINT (14.9826015 56.5202144),0706,,Butik,TINGSRYD,Kronobergs län,53,56.5202144,14.9826015
146,0707,"Hejaregatan, 352 46 Växjö, Sweden",POINT (14.770198 56.88285),0707,Samarkand,Butik,VÄXJÖ,Kronobergs län,82,56.88285,14.770198
147,0708,"Olofsgatan, 364 30 Åseda, Sweden",POINT (15.3441095 57.17163069999999),0708,,Butik,ÅSEDA,Kronobergs län,41,57.17163069999999,15.3441095
148,0709,"Storgatan, Lessebo, Sweden",POINT (15.2690839 56.752993),0709,,Butik,LESSEBO,Kronobergs län,40,56.752993,15.2690839
149,0710,"Deltavägen, 352 45 Växjö, Sweden",POINT (14.8321486 56.9035868),0710,Norremark,Butik,VÄXJÖ,Kronobergs län,79,56.9035868,14.8321486
150,0801,"Verkstadsgatan, 392 39 Kalmar, Sweden",POINT (16.3306769 56.6705431),0801,Giraffen,Butik,KALMAR,Kalmar län,83,56.6705431,16.3306769
151,0802,"Norra Långgatan 23, 392 32 Kalmar, Sweden",POINT (16.3635182 56.6644223),0802,,Butik,KALMAR,Kalmar län,77,56.6644223,16.3635182
152,0805,"Östra Kyrkogatan, Borgholm, Sweden",POINT (16.6560939 56.8785313),0805,,Butik,BORGHOLM,Kalmar län,76,56.8785313,16.6560939
153,0806,"Brandstationsgatan 11, 386 31 Färjestaden, Sweden",POINT (16.4689612 56.65180059999999),0806,,Butik,FÄRJESTADEN,Kalmar län,82,56.65180059999999,16.4689612
154,0807,"Åsevadsgatan, Mönsterås, Sweden",POINT (16.4402072 57.0422963),0807,,Butik,MÖNSTERÅS,Kalmar län,56,57.0422963,16.4402072
155,0808,"Postmästaregatan, Oskarshamn, Sweden",POINT (16.4434085 57.263884),0808,,Butik,OSKARSHAMN,Kalmar län,76,57.263884,16.4434085
156,0809,"Västra Kyrkogatan, 593 33 Västervik, Sweden",POINT (16.6341969 57.75870579999999),0809,,Butik,VÄSTERVIK,Kalmar län,76,57.75870579999999,16.6341969
157,0810,"Sevedegatan 25b, 598 37 Vimmerby, Sweden",POINT (15.8522238 57.66659869999999),0810,,Butik,VIMMERBY,Kalmar län,54,57.66659869999999,15.8522238
158,0811,"Bangatan, Nybro, Sweden",POINT (15.9010898 56.7431463),0811,,Butik,NYBRO,Kalmar län,56,56.7431463,15.9010898
159,0812,"Bryggerigatan, 577 30 Hultsfred, Sweden",POINT (15.8424562 57.4877848),0812,,Butik,HULTSFRED,Kalmar län,54,57.4877848,15.8424562
160,0813,"Hantverkaregatan, 361 30 Emmaboda, Sweden",POINT (15.5400246 56.63183429999999),0813,,Butik,EMMABODA,Kalmar län,46,56.63183429999999,15.5400246
161,0814,"Allfargatan, Torsås, Sweden",POINT (15.9961459 56.4138984),0814,,Butik,TORSÅS,Kalmar län,44,56.4138984,15.9961459
162,0815,"Storgatan 7, 579 30 Högsby, Sweden",POINT (16.0252065 57.1661203),0815,,Butik,HÖGSBY,Kalmar län,39,57.1661203,16.0252065
163,0816,"Bondevägen 4, 594 31 Gamleby, Sweden",POINT (16.3995844 57.89828989999999),0816,,Butik,GAMLEBY,Kalmar län,54,57.89828989999999,16.3995844
164,0902,"Österväg 3C, 621 45 Visby, Sweden",POINT (18.3000973 57.63813739999999),0902,,Butik,VISBY,Gotlands län,79,57.63813739999999,18.3000973
165,0903,"Storgatan, Hemse, Sweden",POINT (18.3726459 57.2311391),0903,,Butik,HEMSE,Gotlands län,54,57.2311391,18.3726459
166,0904,"Tullhagsplan 2B, 624 48 Slite, Sweden",POINT (18.8018128 57.70399860000001),0904,,Butik,SLITE,Gotlands län,53,57.70399860000001,18.8018128
167,1001,"Arklimästaregatan, Karlskrona, Sweden",POINT (15.5822963 56.1598974),1001,Wachtmeister,Butik,KARLSKRONA,Blekinge län,77,56.1598974,15.5822963
168,1002,"Verkövägen, Karlskrona, Sweden",POINT (15.651432 56.17629950000001),1002,Amiralen,Butik,LYCKEBY,Blekinge län,76,56.17629950000001,15.651432
169,1003,"Strandgatan, Ronneby, Sweden",POINT (15.2763701 56.20989729999999),1003,,Butik,RONNEBY,Blekinge län,76,56.20989729999999,15.2763701
170,1004,"Drottninggatan 71B, 374 38 Karlshamn, Sweden",POINT (14.860225 56.1723994),1004,,Butik,KARLSHAMN,Blekinge län,76,56.1723994,14.860225
171,1005,"Järnvägsgatan, Sölvesborg, Sweden",POINT (14.5805068 56.0473282),1005,,Butik,SÖLVESBORG,Blekinge län,55,56.0473282,14.5805068
172,1006,"Östra Storgatan, Olofström, Sweden",POINT (14.5312191 56.2777638),1006,,Butik,OLOFSTRÖM,Blekinge län,56,56.2777638,14.5312191
173,1101,"Östra Boulevarden, Kristianstad, Sweden",POINT (14.1592133 56.0292031),1101,,Butik,KRISTIANSTAD,Skåne län,81,56.0292031,14.1592133
174,1103,"Köpmannagatan, 296 31 Åhus, Sweden",POINT (14.2967813 55.9242238),1103,,Butik,ÅHUS,Skåne län,62,55.9242238,14.2967813
175,1104,"Stora Rådmansgatan, 272 31 Simrishamn, Sweden",POINT (14.3501397 55.55794909999999),1104,,Butik,SIMRISHAMN,Skåne län,80,55.55794909999999,14.3501397
176,1105,"Centralgatan, 273 30 Tomelilla, Sweden",POINT (13.9531507 55.5438251),1105,,Butik,TOMELILLA,Skåne län,62,55.5438251,13.9531507
177,1106,"Borggårdsgatan, Hässleholm, Sweden",POINT (13.7584773 56.1543021),1106,,Butik,HÄSSLEHOLM,Skåne län,76,56.1543021,13.7584773
178,1107,"Storgatan 47 b, 262 32 Ängelholm, Sweden",POINT (12.8632223 56.2454337),1107,,Butik,ÄNGELHOLM,Skåne län,77,56.2454337,12.8632223
179,1108,"Köpmansgatan 72D, 269 31 Båstad, Sweden",POINT (12.8479728 56.4269591),1108,,Butik,BÅSTAD,Skåne län,78,56.4269591,12.8479728
180,1109,"Storgatan, Klippan, Sweden",POINT (13.1255511 56.1375405),1109,,Butik,KLIPPAN,Skåne län,53,56.1375405,13.1255511
181,1110,"Köpmangatan 14F, 284 31 Perstorp, Sweden",POINT (13.3940768 56.1385786),1110,,Butik,PERSTORP,Skåne län,41,56.1385786,13.3940768
182,1111,"Västra Järnvägsgatan, 283 31 Osby, Sweden",POINT (13.9946119 56.38127919999999),1111,,Butik,OSBY,Skåne län,39,56.38127919999999,13.9946119
183,1112,"Torggatan, Åstorp, Sweden",POINT (12.9443152 56.13413629999999),1112,,Butik,ÅSTORP,Skåne län,58,56.13413629999999,12.9443152
184,1113,"286 31 Örkelljunga, Sweden",POINT (13.2799867 56.28597569999999),1113,,Butik,ÖRKELLJUNGA,Skåne län,38,56.28597569999999,13.2799867
185,1114,"Storgatan, Bromölla, Sweden",POINT (14.4681455 56.07232819999999),1114,,Butik,BROMÖLLA,Skåne län,55,56.07232819999999,14.4681455
186,1115,"Östra Järnvägsgatan, 289 92 Broby, Sweden",POINT (14.075156 56.2535073),1115,,Butik,BROBY,Skåne län,42,56.2535073,14.075156
187,1202,"Jägersrovägen, Malmö, Sweden",POINT (13.0582684 55.5711599),1202,Jägersro Center,Butik,MALMÖ,Skåne län,81,55.5711599,13.0582684
188,1203,"Fredsgatan 14B, 212 12 Malmö, Sweden",POINT (13.0250763 55.6075536),1203,Entré,Butik,MALMÖ,Skåne län,76,55.6075536,13.0250763
189,1206,"Stadiongatan 3D, 214 32 Malmö, Sweden",POINT (13.0042986 55.57950950000001),1206,Mobilia,Butik,MALMÖ,Skåne län,82,55.57950950000001,13.0042986
190,1207,"Södra Förstadsgatan 50b, 211 43 Malmö, Sweden",POINT (13.0028423 55.5961516),1207,,Butik,MALMÖ,Skåne län,77,55.5961516,13.0028423
191,1208,"Malmborgsgatan, Malmö, Sweden",POINT (13.0034352 55.6030036),1208,Hansa,Butik,MALMÖ,Skåne län,81,55.6030036,13.0034352
192,1209,"Regementsgatan, Malmö, Sweden",POINT (12.9837221 55.5988529),1209,Kronprinsen,Butik,MALMÖ,Skåne län,77,55.5988529,12.9837221
193,1211,"Linnégatan, Malmö, Sweden",POINT (12.9371868 55.5813358),1211,Limhamn,Butik,LIMHAMN,Skåne län,77,55.5813358,12.9371868
194,1213,"Masttorget, 211 77 Malmö, Sweden",POINT (12.980371 55.61202979999999),1213,Västra Hamnen,Butik,MALMÖ,Skåne län,82,55.61202979999999,12.980371
195,1214,"Hyllie stationsväg, Malmö, Sweden",POINT (12.9694031 55.5621875),1214,Emporia,Butik,MALMÖ,Skåne län,84,55.5621875,12.9694031
196,1219,"Seglaregatan, Lomma, Sweden",POINT (13.0695678 55.6730639),1219,,Butik,LOMMA,Skåne län,62,55.6730639,13.0695678
197,1220,"Kristers väg, 247 50 Dalby, Sweden",POINT (13.3486282 55.66401889999999),1220,,Butik,DALBY,Skåne län,53,55.66401889999999,13.3486282
198,1221,"Kronetorpsvägen 2, 232 37 Arlöv, Sweden",POINT (13.0843725 55.63983769999999),1221,,Butik,ARLÖV,Skåne län,80,55.63983769999999,13.0843725
199,1222,"Södergatan, Skurup, Sweden",POINT (13.4983446 55.47468660000001),1222,,Butik,SKURUP,Skåne län,60,55.47468660000001,13.4983446
200,1224,"Storgatan, Svedala, Sweden",POINT (13.2367146 55.5086853),1224,,Butik,SVEDALA,Skåne län,55,55.5086853,13.2367146
201,1225,"Algatan, Trelleborg, Sweden",POINT (13.1527444 55.3745229),1225,,Butik,TRELLEBORG,Skåne län,57,55.3745229,13.1527444
202,1226,"Järnvägsgatan 2l, 235 31 Vellinge, Sweden",POINT (13.0211572 55.4709483),1226,,Butik,VELLINGE,Skåne län,54,55.4709483,13.0211572
203,1227,"Kungstorpsvägen, Höllviken, Sweden",POINT (12.9694322 55.4265786),1227,Toppengallerian,Butik,HÖLLVIKEN,Skåne län,77,55.4265786,12.9694322
204,1230,"Stora Östergatan, Ystad, Sweden",POINT (13.8235213 55.4302812),1230,,Butik,YSTAD,Skåne län,59,55.4302812,13.8235213
205,1231,"Östergatan, Sjöbo, Sweden",POINT (13.718775 55.62559719999999),1231,,Butik,SJÖBO,Skåne län,59,55.62559719999999,13.718775
206,1232,"Bråhögsplatsen 1c, 245 31 Staffanstorp, Sweden",POINT (13.2051688 55.642554),1232,,Butik,STAFFANSTORP,Skåne län,55,55.642554,13.2051688
207,1242,"Landskronavägen, Helsingborg, Sweden",POINT (12.7431611 56.0005453),1242,Råå,Butik,HELSINGBORG,Skåne län,82,56.0005453,12.7431611
208,1243,"Drottninggatan, Helsingborg, Sweden",POINT (12.6818302 56.0600652),1243,,Butik,HELSINGBORG,Skåne län,78,56.0600652,12.6818302
209,1244,"Regementsvägen, Helsingborg, Sweden",POINT (12.7196041 56.0645925),1244,Berga,Butik,Helsingborg,Skåne län,82,56.0645925,12.7196041
210,1245,"Björkavägen, Ödåkra, Sweden",POINT (12.7581069 56.10168789999999),1245,Väla,Butik,ÖDÅKRA-VÄLA,Skåne län,82,56.10168789999999,12.7581069
211,1246,"Norra Storgatan, Bjuv, Sweden",POINT (12.905433 56.0921558),1246,,Butik,BJUV,Skåne län,44,56.0921558,12.905433
212,1248,"Trädgårdsgatan, 261 31 Landskrona, Sweden",POINT (12.8305615 55.8683616),1248,,Butik,LANDSKRONA,Skåne län,78,55.8683616,12.8305615
213,1249,"Herrevadsgatan 11H, 268 31 Svalöv, Sweden",POINT (13.1066933 55.9141308),1249,,Butik,SVALÖV,Skåne län,42,55.9141308,13.1066933
214,1250,"Marknadsvägen, 246 42 Löddeköpinge, Sweden",POINT (12.9925552 55.76867319999999),1250,Center Syd,Butik,LÖDDEKÖPINGE,Skåne län,79,55.76867319999999,12.9925552
215,1252,"Storgatan 58e, 263 38 Höganäs, Sweden",POINT (12.559875 56.200061),1252,,Butik,HÖGANÄS,Skåne län,77,56.200061,12.559875
216,1253,"Traktorvägen, 226 60 Lund, Sweden",POINT (13.157573 55.7178039),1253,NOVA,Butik,LUND,Skåne län,82,55.7178039,13.157573
217,1254,"Bangatan, Lund, Sweden",POINT (13.1876042 55.7058665),1254,,Butik,LUND,Skåne län,64,55.7058665,13.1876042
218,1255,"Mårtenstorget, Lund, Sweden",POINT (13.196133 55.7014414),1255,SALUHALLEN,Butik,LUND,Skåne län,77,55.7014414,13.196133
219,1256,"Stenhuggaregatan, 244 30 Kävlinge, Sweden",POINT (13.110393 55.7908303),1256,,Butik,KÄVLINGE,Skåne län,42,55.7908303,13.110393
220,1257,"Södergatan, 241 30 Eslöv, Sweden",POINT (13.3026111 55.8358273),1257,,Butik,ESLÖV,Skåne län,53,55.8358273,13.3026111
221,1258,"Nya Torg, Höör, Sweden",POINT (13.5393905 55.9347494),1258,,Butik,HÖÖR,Skåne län,55,55.9347494,13.5393905
222,1259,"Nya torg, 242 31 Hörby, Sweden",POINT (13.661673 55.8526014),1259,,Butik,HÖRBY,Skåne län,56,55.8526014,13.661673
223,1301,"Köpmansgatan, Halmstad, Sweden",POINT (12.8570187 56.6751312),1301,,Butik,HALMSTAD,Hallands län,84,56.6751312,12.8570187
224,1302,"Prästvägen, Halmstad, Sweden",POINT (12.9106861 56.6616583),1302,Hallarna,Butik,HALMSTAD,Hallands län,84,56.6616583,12.9106861
225,1304,"Storgatan 10B, 314 31 Hyltebruk, Sweden",POINT (13.2395393 56.9995328),1304,,Butik,HYLTEBRUK,Hallands län,59,56.9995328,13.2395393
226,1305,"Östertullsgatan, Laholm, Sweden",POINT (13.0443282 56.51141209999999),1305,,Butik,LAHOLM,Hallands län,60,56.51141209999999,13.0443282
227,1306,"Sandgatan, Falkenberg, Sweden",POINT (12.4827475 56.9045265),1306,,Butik,Falkenberg,Hallands län,79,56.9045265,12.4827475
228,1307,"Västra Vallgatan, Varberg, Sweden",POINT (12.2488052 57.1070296),1307,,Butik,VARBERG,Hallands län,82,57.1070296,12.2488052
229,1308,"Nygatan, 434 30 Kungsbacka, Sweden",POINT (12.0758617 57.48582849999999),1308,,Butik,KUNGSBACKA,Hallands län,80,57.48582849999999,12.0758617
230,1309,"Kundvägen 5e, 302 41 Halmstad, Sweden",POINT (12.8066197 56.678286),1309,Flygstaden,Butik,Halmstad,Hallands län,82,56.678286,12.8066197
231,1310,"Varberg Vrångagatan, 432 54 Varberg, Sweden",POINT (12.2755205 57.08296799999999),1310,Breared,Butik,VARBERG,Hallands län,82,57.08296799999999,12.2755205
232,1311,"Hedebrovägen, 434 39 Kungsbacka, Sweden",POINT (12.0777868 57.5141308),1311,,Butik,Kungsbacka,Hallands län,82,57.5141308,12.0777868
233,1404,"Kungsportsavenyen, Göteborg, Sweden",POINT (11.9747463 57.7006315),1404,Avenyn,Butik,GÖTEBORG,Västra Götalands län,77,57.7006315,11.9747463
234,1406,"Kungstorget, Göteborg, Sweden",POINT (11.9686032 57.70339360000001),1406,,Butik,GÖTEBORG,Västra Götalands län,68,57.70339360000001,11.9686032
235,1407,"Kobbarnas väg, Göteborg, Sweden",POINT (11.9969417 57.7141273),1407,Olskroken,Butik,GÖTEBORG,Västra Götalands län,77,57.7141273,11.9969417
236,1409,"Torpavallsgatan, Göteborg, Sweden",POINT (12.030814 57.7240799),1409,,Butik,GÖTEBORG,Västra Götalands län,78,57.7240799,12.030814
237,1410,"Lilla Klädpressaregatan 8, 411 05 Göteborg, Sweden",POINT (11.968577 57.7098343),1410,Nordstan,Butik,GÖTEBORG,Västra Götalands län,84,57.7098343,11.968577
238,1411,"Linnégatan 28B, 413 04 Göteborg, Sweden",POINT (11.9516525 57.6967963),1411,,Butik,GÖTEBORG,Västra Götalands län,77,57.6967963,11.9516525
239,1412,"Kapellplatsen, Göteborg, Sweden",POINT (11.9707165 57.6935248),1412,,Butik,GÖTEBORG,Västra Götalands län,77,57.6935248,11.9707165
240,1413,"Åvägen, Göteborg, Sweden",POINT (11.9917552 57.7020766),1413,Gårda,Butik,GÖTEBORG,Västra Götalands län,82,57.7020766,11.9917552
241,1414,"Swedenborgsgatan, 417 05 Göteborg, Sweden",POINT (11.9526791 57.72240490000001),1414,Backaplan,Butik,GÖTEBORG,Västra Götalands län,81,57.72240490000001,11.9526791
242,1415,"Karl Johansgatan, Göteborg, Sweden",POINT (11.9160029 57.69188089999999),1415,,Butik,GÖTEBORG,Västra Götalands län,82,57.69188089999999,11.9160029
243,1416,"Transportgatan 19, 422 46 Hisings Backa, Sweden",POINT (11.9991973 57.7691994),1416,Bäckebol Homecenter,Butik,HISINGS BACKA,Västra Götalands län,84,57.7691994,11.9991973
244,1417,"Kolhamnsgatan, Göteborg, Sweden",POINT (11.9210518 57.7081797),1417,Eriksberg,Butik,GÖTEBORG,Västra Götalands län,79,57.7081797,11.9210518
245,1418,"Hornsgatan, Göteborg, Sweden",POINT (12.0121637 57.7286063),1418,Gamlestaden,Butik,GÖTEBORG,Västra Götalands län,77,57.7286063,12.0121637
246,1420,"Frölunda torg, 421 42 Västra Frölunda, Sweden",POINT (11.9103384 57.6508928),1420,,Butik,VÄSTRA FRÖLUNDA,Västra Götalands län,78,57.6508928,11.9103384
247,1422,"Krogabäcksvägen, Göteborg, Sweden",POINT (11.9525473 57.5988923),1422,,Butik,HOVÅS,Västra Götalands län,77,57.5988923,11.9525473
248,1423,"Angereds torg, Göteborg, Sweden",POINT (12.0511306 57.7967569),1423,,Butik,ANGERED,Västra Götalands län,76,57.7967569,12.0511306
249,1424,"Hantverksvägen 2, 436 33 Askim, Sweden",POINT (11.9494546 57.6425412),1424,Sisjön,Butik,ASKIM,Västra Götalands län,82,57.6425412,11.9494546
250,1425,"Norgårdsvägen 10b, 475 32 Öckerö, Sweden",POINT (11.6545555 57.70819039999999),1425,,Butik,ÖCKERÖ,Västra Götalands län,60,57.70819039999999,11.6545555
251,1426,"Flygfältsgatan, Göteborg, Sweden",POINT (11.7827914 57.7128125),1426,,Butik,TORSLANDA,Västra Götalands län,77,57.7128125,11.7827914
252,1428,"Biblioteksgatan 14B, 435 30 Mölnlycke, Sweden",POINT (12.1158447 57.6580328),1428,,Butik,MÖLNLYCKE,Västra Götalands län,77,57.6580328,12.1158447
253,1429,"Ekenleden, Mölndal, Sweden",POINT (12.0424418 57.6122007),1429,,Butik,KÅLLERED,Västra Götalands län,78,57.6122007,12.0424418
254,1430,"Gamla Kronvägen 11, 433 33 Partille, Sweden",POINT (12.1071947 57.73965320000001),1430,,Butik,PARTILLE,Västra Götalands län,79,57.73965320000001,12.1071947
255,1431,"Brogatan, 431 30 Mölndal, Sweden",POINT (12.0149586 57.65551840000001),1431,Mölndal Galleria,Butik,MÖLNDAL,Västra Götalands län,79,57.65551840000001,12.0149586
256,1432,"Älvebacken, Kungälv, Sweden",POINT (11.9683329 57.8739771),1432,,Butik,KUNGÄLV,Västra Götalands län,81,57.8739771,11.9683329
257,1433,"Krokdalsvägen, Bollebygd, Sweden",POINT (12.5620308 57.6693524),1433,,Butik,SKÄRHAMN,Västra Götalands län,62,57.6693524,12.5620308
258,1434,"Ostra kopmansgatan 25, 444 30 Stenungsund, Sweden",POINT (11.8176496 58.06766020000001),1434,,Butik,STENUNGSUND,Västra Götalands län,79,58.06766020000001,11.8176496
259,1435,"Hamntorget, 473 34 Henån, Sweden",POINT (11.6787977 58.2370934),1435,,Butik,HENÅN,Västra Götalands län,53,58.2370934,11.6787977
260,1436,"Västerlånggatan 2B, 451 31 Uddevalla, Sweden",POINT (11.9323077 58.3493315),1436,,Butik,UDDEVALLA,Västra Götalands län,77,58.3493315,11.9323077
261,1437,"451 76 Uddevalla, Sweden",POINT (11.8104287 58.35386579999999),1437,,Butik,UDDEVALLA,Västra Götalands län,75,58.35386579999999,11.8104287
262,1438,"Strömstadsvägen, Munkedal, Sweden",POINT (11.669177 58.4706115),1438,,Butik,MUNKEDAL,Västra Götalands län,53,58.4706115,11.669177
263,1439,"Hallindenvägen 2B, 456 34 Kungshamn, Sweden",POINT (11.2601951 58.3571594),1439,,Butik,KUNGSHAMN,Västra Götalands län,61,58.3571594,11.2601951
264,1440,"Korsgatan, Lysekil, Sweden",POINT (11.4342923 58.2743573),1440,,Butik,LYSEKIL,Västra Götalands län,58,58.2743573,11.4342923
265,1441,"Oslovägen, Strömstad, Sweden",POINT (11.1910717 58.94742149999999),1441,,Butik,STRÖMSTAD,Västra Götalands län,83,58.94742149999999,11.1910717
266,1442,"Oslovägen, Strömstad, Sweden",POINT (11.1910717 58.94742149999999),1442,,Butik,STRÖMSTAD,Västra Götalands län,82,58.94742149999999,11.1910717
267,1443,"Sältevägen, 457 72 Grebbestad, Sweden",POINT (11.2536961 58.692107),1443,,Butik,GREBBESTAD,Västra Götalands län,77,58.692107,11.2536961
268,1501,"Regementsgatan 4, 462 32 Vänersborg, Sweden",POINT (12.3329603 58.37811639999999),1501,,Butik,VÄNERSBORG,Västra Götalands län,76,58.37811639999999,12.3329603
269,1503,"Anes väg, 461 70 Trollhättan, Sweden",POINT (12.3069763 58.31423239999999),1503,Överby Köpcenter,Butik,Trollhättan,Västra Götalands län,83,58.31423239999999,12.3069763
270,1504,"Kungsgatan, Trollhättan, Sweden",POINT (12.2864825 58.2822743),1504,Oden,Butik,TROLLHÄTTAN,Västra Götalands län,76,58.2822743,12.2864825
271,1505,"Torggatan, 662 31 Åmål, Sweden",POINT (12.7042327 59.0529875),1505,,Butik,ÅMÅL,Västra Götalands län,54,59.0529875,12.7042327
272,1506,"Storgatan, Mellerud, Sweden",POINT (12.4627034 58.69781880000001),1506,,Butik,MELLERUD,Västra Götalands län,55,58.69781880000001,12.4627034
273,1507,"Berglunds gränd, 666 30 Bengtsfors, Sweden",POINT (12.2243959 59.0291471),1507,,Butik,BENGTSFORS,Västra Götalands län,53,59.0291471,12.2243959
274,1508,"Lerum Hulan centrum, 443 51 Lerum, Sweden",POINT (12.2472974 57.7517283),1508,Solkatten,Butik,LERUM,Västra Götalands län,76,57.7517283,12.2472974
275,1509,"Delesgatan, 668 30 Ed, Sweden",POINT (11.9352563 58.9115341),1509,Dals-Ed,Butik,ED,Västra Götalands län,53,58.9115341,11.9352563
276,1511,"Göteborgsvägen, Bollebygd, Sweden",POINT (12.5810317 57.6684584),1511,,Butik,BOLLEBYGD,Västra Götalands län,46,57.6684584,12.5810317
277,1512,"Allégatan, Borås, Sweden",POINT (12.9419915 57.7210875),1512,,Butik,BORÅS,Västra Götalands län,77,57.7210875,12.9419915
278,1513,"Ålgårdsvägen, 506 30 Borås, Sweden",POINT (12.9326657 57.73414279999999),1513,Knalleland,Butik,BORÅS,Västra Götalands län,83,57.73414279999999,12.9326657
279,1514,"Göteborgsvägen 37, 463 30 Lilla Edet, Sweden",POINT (12.1281661 58.1374174),1514,,Butik,LILLA EDET,Västra Götalands län,56,58.1374174,12.1281661
280,1515,"Storgatan, Tranemo, Sweden",POINT (13.3477924 57.48022410000001),1515,,Butik,TRANEMO,Västra Götalands län,38,57.48022410000001,13.3477924
281,1516,"Boråsvägen, Svenljunga, Sweden",POINT (13.1107963 57.5038194),1516,,Butik,SVENLJUNGA,Västra Götalands län,54,57.5038194,13.1107963
282,1517,"Boråsvägen, Ulricehamn, Sweden",POINT (13.4129173 57.7995829),1517,,Butik,ULRICEHAMN,Västra Götalands län,56,57.7995829,13.4129173
283,1518,"Kungsgatan 34C, 441 31 Alingsås, Sweden",POINT (12.5373686 57.9300775),1518,,Butik,ALINGSÅS,Västra Götalands län,78,57.9300775,12.5373686
284,1519,"Boråsvägen, Kinna, Sweden",POINT (12.6929616 57.52051050000001),1519,,Butik,KINNA,Västra Götalands län,79,57.52051050000001,12.6929616
285,1520,"Centrumvägen, Färgelanda, Sweden",POINT (11.9976644 58.56854440000001),1520,,Butik,FÄRGELANDA,Västra Götalands län,41,58.56854440000001,11.9976644
286,1521,"Ale Torg, 449 31 Nödinge-Nol, Sweden",POINT (12.0450149 57.8941549),1521,,Butik,NÖDINGE,Västra Götalands län,61,57.8941549,12.0450149
287,1522,"Kungsgatan, Vårgårda, Sweden",POINT (12.8087246 58.0333993),1522,,Butik,VÅRGÅRDA,Västra Götalands län,38,58.0333993,12.8087246
288,1523,"Storgatan, Herrljunga, Sweden",POINT (13.0303121 58.0787309),1523,,Butik,HERRLJUNGA,Västra Götalands län,41,58.0787309,13.0303121
289,1524,"Trandögatan, 504 33 Borås, Sweden",POINT (12.9430322 57.71105290000001),1524,Åhaga,Butik,BORÅS,Västra Götalands län,78,57.71105290000001,12.9430322
290,1601,"Stockholmsvägen, Mariestad, Sweden",POINT (13.8511631 58.71043239999999),1601,,Butik,MARIESTAD,Västra Götalands län,76,58.71043239999999,13.8511631
291,1602,"Götgatan, 531 31 Lidköping, Sweden",POINT (13.1539174 58.50269429999999),1602,,Butik,LIDKÖPING,Västra Götalands län,76,58.50269429999999,13.1539174
292,1603,"Torggatan, Grästorp, Sweden",POINT (12.6809986 58.3339639),1603,,Butik,GRÄSTORP,Västra Götalands län,40,58.3339639,12.6809986
293,1604,"Drottninggatan, 534 31 Vara, Sweden",POINT (12.9542573 58.26174679999999),1604,,Butik,VARA,Västra Götalands län,54,58.26174679999999,12.9542573
294,1605,"Marumsgatan, Skara, Sweden",POINT (13.4362077 58.3851212),1605,,Butik,SKARA,Västra Götalands län,60,58.3851212,13.4362077
295,1606,"Hertig Johans torg, 541 30 Skövde, Sweden",POINT (13.8459744 58.3893271),1606,,Butik,SKÖVDE,Västra Götalands län,77,58.3893271,13.8459744
296,1607,"Hamngatan, Hjo, Sweden",POINT (14.2903174 58.3025209),1607,,Butik,HJO,Västra Götalands län,56,58.3025209,14.2903174
297,1608,"Gamla torget, 522 31 Tidaholm, Sweden",POINT (13.9581861 58.18056499999999),1608,,Butik,TIDAHOLM,Västra Götalands län,53,58.18056499999999,13.9581861
298,1609,"Falköping, Sweden",POINT (13.553217 58.17502899999999),1609,,Butik,FALKÖPING,Västra Götalands län,76,58.17502899999999,13.553217
299,1610,"Storgatan, Karlsborg, Sweden",POINT (14.5067848 58.53364799999999),1610,,Butik,KARLSBORG,Västra Götalands län,54,58.53364799999999,14.5067848
300,1611,"Järnvägsgatan 6e, 533 30 Götene, Sweden",POINT (13.4921602 58.528007),1611,,Butik,GÖTENE,Västra Götalands län,55,58.528007,13.4921602
301,1612,"Kyrkogatan, 545 30 Töreboda, Sweden",POINT (14.1255244 58.7097075),1612,,Butik,TÖREBODA,Västra Götalands län,39,58.7097075,14.1255244
302,1613,"Storgatan, Gullspång, Sweden",POINT (14.0988314 58.9862689),1613,,Butik,GULLSPÅNG,Västra Götalands län,39,58.9862689,14.0988314
303,1614,"Centrumgatan, Tibro, Sweden",POINT (14.1651464 58.4246178),1614,,Butik,TIBRO,Västra Götalands län,54,58.4246178,14.1651464
304,1616,"Järnvägsgatan 3B, 465 31 Nossebro, Sweden",POINT (12.7205324 58.18768949999999),1616,,Butik,NOSSEBRO,Västra Götalands län,42,58.18768949999999,12.7205324
305,1617,"Nolhagavägen, Skövde, Sweden",POINT (13.8656828 58.40681309999999),1617,,Butik,SKÖVDE,Västra Götalands län,82,58.40681309999999,13.8656828
306,1701,"Järnvägsgatan, 652 25 Karlstad, Sweden",POINT (13.4993271 59.37985859999999),1701,Duvan,Butik,KARLSTAD,Värmlands län,77,59.37985859999999,13.4993271
307,1702,"Frykmans väg, Karlstad, Sweden",POINT (13.4252494 59.37246339999999),1702,Bergvik-Karlstad,Butik,KARLSTAD,Värmlands län,82,59.37246339999999,13.4252494
308,1703,"Järnvägsgatan, Forshaga, Sweden",POINT (13.4799679 59.53033480000001),1703,,Butik,FORSHAGA,Värmlands län,54,59.53033480000001,13.4799679
309,1704,"Storgatan 16b, 665 30 Kil, Sweden",POINT (13.3207433 59.5046604),1704,,Butik,KIL,Värmlands län,53,59.5046604,13.3207433
310,1705,"Sundsgatan, Säffle, Sweden",POINT (12.9316953 59.1315153),1705,,Butik,SÄFFLE,Värmlands län,53,59.1315153,12.9316953
311,1706,"Storgatan, 671 31 Arvika, Sweden",POINT (12.5917999 59.65454339999999),1706,,Butik,ARVIKA,Värmlands län,55,59.65454339999999,12.5917999
312,1707,"Storgatan, Hagfors, Sweden",POINT (13.6819363 60.044423),1707,,Butik,HAGFORS,Värmlands län,53,60.044423,13.6819363
313,1708,"Viktoriagatan, 682 30 Filipstad, Sweden",POINT (14.1707177 59.7128293),1708,,Butik,FILIPSTAD,Värmlands län,58,59.7128293,14.1707177
314,1709,"Kungsgatan, Kristinehamn, Sweden",POINT (14.1073832 59.31181649999999),1709,,Butik,KRISTINEHAMN,Värmlands län,78,59.31181649999999,14.1073832
315,1710,"Kvarngatan, Sunne, Sweden",POINT (13.1435761 59.83542259999999),1710,,Butik,SUNNE,Värmlands län,57,59.83542259999999,13.1435761
316,1711,"Tallbacksvägen 21B, 684 30 Munkfors, Sweden",POINT (13.5461621 59.8356575),1711,,Butik,MUNKFORS,Värmlands län,38,59.8356575,13.5461621
317,1712,"Nya torget, 685 30 Torsby, Sweden",POINT (13.0077044 60.1355064),1712,,Butik,TORSBY,Värmlands län,53,60.1355064,13.0077044
318,1713,"Storgatan, Årjäng, Sweden",POINT (12.1287849 59.3880615),1713,,Butik,ÅRJÄNG,Värmlands län,76,59.3880615,12.1287849
319,1714,"Sveagatan, Grums, Sweden",POINT (13.1139453 59.3535141),1714,,Butik,GRUMS,Värmlands län,53,59.3535141,13.1139453
320,1715,"Helga Görlins gata, 673 32 Charlottenberg, Sweden",POINT (12.2923086 59.8814088),1715,,Butik,CHARLOTTENBERG,Värmlands län,82,59.8814088,12.2923086
321,1716,"Åråsvägen, Skoghall, Sweden",POINT (13.4669894 59.3254314),1716,,Butik,SKOGHALL,Värmlands län,53,59.3254314,13.4669894
322,1717,"Djupadalsgatan, 688 30 Storfors, Sweden",POINT (14.2742177 59.52872859999999),1717,,Butik,STORFORS,Värmlands län,38,59.52872859999999,14.2742177
323,1718,"Rävbergsvägen, 656 39 Karlstad, Sweden",POINT (13.5801723 59.3958256),1718,Välsviken,Butik,KARLSTAD,Värmlands län,81,59.3958256,13.5801723
324,1801,"Kungsgatan, Örebro, Sweden",POINT (15.2121794 59.2681589),1801,,Butik,ÖREBRO,Örebro län,82,59.2681589,15.2121794
325,1802,"Säljarevägen, 702 36 Örebro, Sweden",POINT (15.1409924 59.2198901),1802,Marieberg,Butik,ÖREBRO,Örebro län,81,59.2198901,15.1409924
326,1803,"Prologgatan, 703 70 Örebro, Sweden",POINT (15.1985167 59.2951136),1803,Eurostop,Butik,ÖREBRO,Örebro län,81,59.2951136,15.1985167
327,1804,"Sörbyängsvägen, Örebro, Sweden",POINT (15.2353111 59.25324589999999),1804,Tybblekullen,Butik,Örebro,Örebro län,77,59.25324589999999,15.2353111
328,1805,"Stortorget, Hallsberg, Sweden",POINT (15.1115712 59.0659029),1805,,Butik,HALLSBERG,Örebro län,53,59.0659029,15.1115712
329,1806,"Köpmangatan, Kumla, Sweden",POINT (15.1432606 59.12092209999999),1806,,Butik,KUMLA,Örebro län,53,59.12092209999999,15.1432606
330,1807,"Väderkvarnsgatan, 696 30 Askersund, Sweden",POINT (14.9036923 58.8793283),1807,,Butik,ASKERSUND,Örebro län,53,58.8793283,14.9036923
331,1808,"Herrgårdsgatan, Degerfors, Sweden",POINT (14.4355177 59.23715059999999),1808,,Butik,DEGERFORS,Örebro län,53,59.23715059999999,14.4355177
332,1809,"Centrumleden, Karlskoga, Sweden",POINT (14.5163719 59.3246078),1809,K-Center,Butik,KARLSKOGA,Örebro län,76,59.3246078,14.5163719
333,1810,"Storgatan, Örebro, Sweden",POINT (15.2170623 59.27842099999999),1810,,Butik,NORA,Örebro län,55,59.27842099999999,15.2170623
334,1811,"Kristinavägen, 711 30 Lindesberg, Sweden",POINT (15.2281283 59.5931871),1811,,Butik,LINDESBERG,Örebro län,55,59.5931871,15.2281283
335,1812,"Sikforsvägen 26, 712 30 Hällefors, Sweden",POINT (14.5203812 59.7834494),1812,,Butik,HÄLLEFORS,Örebro län,38,59.7834494,14.5203812
336,1813,"Skolgatan 21, 695 30 Laxå, Sweden",POINT (14.618818 58.9853143),1813,,Butik,LAXÅ,Örebro län,40,58.9853143,14.618818
337,1814,"Gruvfogdegatan, Kopparberg, Sweden",POINT (14.9863668 59.8767716),1814,,Butik,KOPPARBERG,Örebro län,38,59.8767716,14.9863668
338,1815,"STICKSPÅRET 2B, 716 30 Fjugesta, Sweden",POINT (14.8722252 59.17408889999999),1815,,Butik,FJUGESTA,Örebro län,48,59.17408889999999,14.8722252
339,1901,"Vasagatan, Västerås, Sweden",POINT (16.5352787 59.62260059999999),1901,City,Butik,VÄSTERÅS,Västmanlands län,76,59.62260059999999,16.5352787
340,1902,"Traversgatan 10a, 721 38 Västerås, Sweden",POINT (16.4642846 59.61653510000001),1902,Erikslund,Butik,VÄSTERÅS,Västmanlands län,82,59.61653510000001,16.4642846
341,1903,"Stockholmsvägen 136B, 721 34 Västerås, Sweden",POINT (16.62 59.6099519),1903,Hälla,Butik,VÄSTERÅS,Västmanlands län,83,59.6099519,16.62
342,1904,"Stenbygatan, Västerås, Sweden",POINT (16.5728255 59.63877230000001),1904,,Butik,Västerås,Västmanlands län,76,59.63877230000001,16.5728255
343,1905,"Drottninggatan, Kungsör, Sweden",POINT (16.1028892 59.4186261),1905,,Butik,KUNGSÖR,Västmanlands län,38,59.4186261,16.1028892
344,1906,"Nygatan, 732 30 Arboga, Sweden",POINT (15.8388634 59.3946206),1906,,Butik,ARBOGA,Västmanlands län,53,59.3946206,15.8388634
345,1907,"Stora Gatan, Köping, Sweden",POINT (15.9948521 59.5125906),1907,,Butik,KÖPING,Västmanlands län,76,59.5125906,15.9948521
346,1908,"Järntorget, 737 40 Fagersta, Sweden",POINT (15.791797 60.00480109999999),1908,,Butik,FAGERSTA,Västmanlands län,53,60.00480109999999,15.791797
347,1909,"Rådmansgatan, 733 30 Sala, Sweden",POINT (16.607545 59.9210584),1909,,Butik,SALA,Västmanlands län,58,59.9210584,16.607545
348,1910,"HAMMARTORGET 5B, 734 30 Hallstahammar, Sweden",POINT (16.2287919 59.6141131),1910,,Butik,HALLSTAHAMMAR,Västmanlands län,55,59.6141131,16.2287919
349,1911,"Köpmangatan 27, 735 31 Surahammar, Sweden",POINT (16.2215597 59.70763489999999),1911,,Butik,SURAHAMMAR,Västmanlands län,39,59.70763489999999,16.2215597
350,1912,"Malmgatan, Norberg, Sweden",POINT (15.9241656 60.0642033),1912,,Butik,NORBERG,Västmanlands län,39,60.0642033,15.9241656
351,1913,"Centralvägen, 739 30 Skinnskatteberg, Sweden",POINT (15.6926215 59.8292935),1913,,Butik,SKINNSKATTEBERG,Västmanlands län,38,59.8292935,15.6926215
352,1914,"Torgvägen, 740 46 Östervåla, Sweden",POINT (17.1769838 60.1816189),1914,,Butik,ÖSTERVÅLA,Uppsala län,44,60.1816189,17.1769838
353,2001,"Falugatan, Falun, Sweden",POINT (15.629767 60.60669329999999),2001,,Butik,FALUN,Dalarnas län,82,60.60669329999999,15.629767
354,2002,"Norra Backagatan 5a, 781 70 Borlänge, Sweden",POINT (15.4188638 60.47845009999999),2002,,Butik,Borlänge,Dalarnas län,83,60.47845009999999,15.4188638
355,2003,"Sveagatan, 784 33 Borlänge, Sweden",POINT (15.4326646 60.4867331),2003,,Butik,BORLÄNGE,Dalarnas län,76,60.4867331,15.4326646
356,2004,"Åsgatan, Hedemora, Sweden",POINT (15.9904323 60.27292790000001),2004,Centrumgallerian,Butik,HEDEMORA,Dalarnas län,57,60.27292790000001,15.9904323
357,2005,"Kungsgatan 13, 774 30 Avesta, Sweden",POINT (16.1715278 60.1450432),2005,,Butik,AVESTA,Dalarnas län,77,60.1450432,16.1715278
358,2006,"Fredsgatan, Ludvika, Sweden",POINT (15.1861997 60.14841430000001),2006,,Butik,LUDVIKA,Dalarnas län,81,60.14841430000001,15.1861997
359,2007,"Kyrkogatan, 792 30 Mora, Sweden",POINT (14.5373 61.00402529999999),2007,,Butik,MORA,Dalarnas län,77,61.00402529999999,14.5373
360,2008,"Grönlandsvägen, Malung, Sweden",POINT (13.7098322 60.6866039),2008,,Butik,MALUNG,Dalarnas län,65,60.6866039,13.7098322
361,2009,"Norsgatan, 793 30 Leksand, Sweden",POINT (14.9995231 60.73023490000001),2009,,Butik,LEKSAND,Dalarnas län,64,60.73023490000001,14.9995231
362,2010,"Centrumhuset, 780 67 Sälen, Sweden",POINT (13.268319 61.155389),2010,,Butik,SÄLEN,Dalarnas län,62,61.155389,13.268319
363,2011,"Norra Allégatan, 780 50 Vansbro, Sweden",POINT (14.2229021 60.5121012),2011,,Butik,VANSBRO,Dalarnas län,42,60.5121012,14.2229021
364,2012,"Storgatan, 795 30 Rättvik, Sweden",POINT (15.1196658 60.8829288),2012,,Butik,RÄTTVIK,Dalarnas län,56,60.8829288,15.1196658
365,2013,"Dalgatan 81H, 796 30 Älvdalen, Sweden",POINT (14.0369427 61.2296392),2013,,Butik,ÄLVDALEN,Dalarnas län,40,61.2296392,14.0369427
366,2014,"Johan Ahlbäcks plats, 777 30 Smedjebacken, Sweden",POINT (15.4145489 60.14157849999999),2014,,Butik,SMEDJEBACKEN,Dalarnas län,40,60.14157849999999,15.4145489
367,2015,"Centralgatan, 794 30 Orsa, Sweden",POINT (14.6185308 61.1190368),2015,,Butik,ORSA,Dalarnas län,56,61.1190368,14.6185308
368,2016,"Södra Industrivägen, 785 61 Gagnef, Sweden",POINT (15.1370191 60.5602426),2016,Djurås,Butik,Djurås,Dalarnas län,56,60.5602426,15.1370191
369,2017,"Gränsgatan, 783 30 Säter, Sweden",POINT (15.7506145 60.3455842),2017,,Butik,SÄTER,Dalarnas län,55,60.3455842,15.7506145
370,2018,"Hsb-vägen, 790 91 Idre, Sweden",POINT (12.7193012 61.85845980000001),2018,,Butik,IDRE,Dalarnas län,60,61.85845980000001,12.7193012
371,2101,"Drottninggatan, Gävle, Sweden",POINT (17.1469463 60.6755039),2101,Gallerian Nian,Butik,GÄVLE,Gävleborgs län,82,60.6755039,17.1469463
372,2102,"Valbovägen 307-309, 818 32 Valbo, Sweden",POINT (16.9929723 60.6335425),2102,,Butik,VALBO,Gävleborgs län,76,60.6335425,16.9929723
373,2103,"Ingenjörsgatan, 802 93 Gävle, Sweden",POINT (17.1470842 60.6449604),2103,,Butik,GÄVLE,Gävleborgs län,82,60.6449604,17.1470842
374,2104,"Köpmangatan 19, 811 39 Sandviken, Sweden",POINT (16.7743731 60.6201331),2104,,Butik,SANDVIKEN,Gävleborgs län,76,60.6201331,16.7743731
375,2105,"Långgatan, 821 43 Bollnäs, Sweden",POINT (16.3954644 61.3484772),2105,,Butik,BOLLNÄS,Gävleborgs län,76,61.3484772,16.3954644
376,2106,"Köpmangatan 9, 826 30 Söderhamn, Sweden",POINT (17.0544725 61.302187),2106,,Butik,SÖDERHAMN,Gävleborgs län,76,61.302187,17.0544725
377,2107,"Norra Kyrkogatan, 824 30 Hudiksvall, Sweden",POINT (17.1023333 61.7289738),2107,,Butik,HUDIKSVALL,Gävleborgs län,80,61.7289738,17.1023333
378,2108,"Skolgatan, 813 30 Hofors, Sweden",POINT (16.288348 60.5457086),2108,,Butik,HOFORS,Gävleborgs län,58,60.5457086,16.288348
379,2109,"Norra Järnvägsgatan, Ljusdal, Sweden",POINT (16.0973173 61.8270902),2109,,Butik,LJUSDAL,Gävleborgs län,55,61.8270902,16.0973173
380,2110,"Långgatan, Edsbyn, Sweden",POINT (15.8165272 61.3785739),2110,,Butik,EDSBYN,Gävleborgs län,53,61.3785739,15.8165272
381,2111,"Södra Åsgatan, 816 30 Ockelbo, Sweden",POINT (16.7147367 60.8859148),2111,,Butik,OCKELBO,Gävleborgs län,38,60.8859148,16.7147367
382,2112,"Storgatan, 820 70 Bergsjö, Sweden",POINT (17.0575141 61.98617169999999),2112,,Butik,BERGSJÖ,Gävleborgs län,41,61.98617169999999,17.0575141
383,2201,"Köpmangatan 1, 871 30 Härnösand, Sweden",POINT (17.9380167 62.6327401),2201,,Butik,HÄRNÖSAND,Västernorrlands län,77,62.6327401,17.9380167
384,2202,"Sjögatan 16, 852 34 Sundsvall, Sweden",POINT (17.3080679 62.39176500000001),2202,,Butik,SUNDSVALL,Västernorrlands län,77,62.39176500000001,17.3080679
385,2203,"Gesällvägen, 857 53 Sundsvall, Sweden",POINT (17.3321402 62.4433126),2203,Birsta Sundsvall,Butik,SUNDSVALL,Västernorrlands län,82,62.4433126,17.3321402
386,2204,"Affärsgatan, 862 31 Kvissleby, Sweden",POINT (17.3781283 62.298632),2204,,Butik,KVISSLEBY,Västernorrlands län,53,62.298632,17.3781283
387,2205,"Kungsgatan 5B, 872 30 Kramfors, Sweden",POINT (17.7816592 62.93069689999999),2205,,Butik,KRAMFORS,Västernorrlands län,76,62.93069689999999,17.7816592
388,2206,"Storgatan 48, 881 30 Sollefteå, Sweden",POINT (17.2651583 63.1685965),2206,,Butik,SOLLEFTEÅ,Västernorrlands län,77,63.1685965,17.2651583
389,2207,"Köpmangatan 9, 891 33 Örnsköldsvik, Sweden",POINT (18.7146322 63.29060739999999),2207,,Butik,ÖRNSKÖLDSVIK,Västernorrlands län,76,63.29060739999999,18.7146322
390,2208,"Köpmangatan, Timrå, Sweden",POINT (17.3277955 62.488891),2208,,Butik,TIMRÅ,Västernorrlands län,54,62.488891,17.3277955
391,2209,"Järnvägsgatan, Ånge, Sweden",POINT (15.656121 62.5245166),2209,,Butik,ÅNGE,Västernorrlands län,59,62.5245166,15.656121
392,2210,"Storgatan, 880 40 Ramsele, Sweden",POINT (16.4708964 63.5346379),2210,,Butik,RAMSELE,Västernorrlands län,39,63.5346379,16.4708964
393,2211,"Hästmarksvägen, Örnsköldsvik, Sweden",POINT (18.7387942 63.3033909),2211,,Butik,ÖRNSKÖLDSVIK,Västernorrlands län,82,63.3033909,18.7387942
394,2301,"Kyrkgatan, Östersund, Sweden",POINT (14.6383233 63.1792707),2301,,Butik,ÖSTERSUND,Jämtlands län,77,63.1792707,14.6383233
395,2302,"Hagvägen, Östersund, Sweden",POINT (14.6898762 63.1702049),2302,Lillänge,Butik,ÖSTERSUND,Jämtlands län,79,63.1702049,14.6898762
396,2304,"Riksvägen, 840 60 Bräcke, Sweden",POINT (15.4192847 62.7490866),2304,,Butik,BRÄCKE,Jämtlands län,43,62.7490866,15.4192847
397,2305,"Fjällvägen, Sveg, Sweden",POINT (14.3501098 62.0304893),2305,,Butik,SVEG,Jämtlands län,59,62.0304893,14.3501098
398,2306,"Storgatan, Strömsund, Sweden",POINT (15.5708436 63.85476509999999),2306,,Butik,STRÖMSUND,Jämtlands län,54,63.85476509999999,15.5708436
399,2307,"Gastkullevägen 1A, 830 05 Järpen, Sweden",POINT (13.459512 63.3469912),2307,,Butik,JÄRPEN,Jämtlands län,55,63.3469912,13.459512
400,2308,"Centralgatan, 840 70 Hammarstrand, Sweden",POINT (16.3580185 63.10437469999999),2308,,Butik,HAMMARSTRAND,Jämtlands län,40,63.10437469999999,16.3580185
401,2309,"Centrumvägen 3B, 840 40 Svenstavik, Sweden",POINT (14.4323021 62.767896),2309,,Butik,SVENSTAVIK,Jämtlands län,41,62.767896,14.4323021
402,2310,"Årevägen, 837 52 Åre, Sweden",POINT (13.0810136 63.3989713),2310,,Butik,ÅRE,Jämtlands län,61,63.3989713,13.0810136
403,2311,"Genvägen, 835 31 Krokom, Sweden",POINT (14.4505066 63.3263806),2311,,Butik,KROKOM,Jämtlands län,56,63.3263806,14.4505066
404,2312,"Sjöängsvägen, 840 95 Funäsdalen, Sweden",POINT (12.5376602 62.54716599999999),2312,,Butik,FUNÄSDALEN,Jämtlands län,63,62.54716599999999,12.5376602
405,2401,"Rådhusesplanaden 6E, 903 29 Umeå, Sweden",POINT (20.2651148 63.8269679),2401,,Butik,UMEÅ,Västerbottens län,80,63.8269679,20.2651148
406,2402,"Strömpilsplatsen, 907 43 Umeå, Sweden",POINT (20.3021579 63.7987091),2402,,Butik,UMEÅ,Västerbottens län,82,63.7987091,20.3021579
407,2403,"Varugatan, 931 76 Skellefteå, Sweden",POINT (21.0207264 64.76674199999999),2403,Solbacken,Butik,SKELLEFTEÅ,Västerbottens län,81,64.766742,21.0207264
408,2404,"Nygatan, Skellefteå, Sweden",POINT (20.9507403 64.7507653),2404,,Butik,SKELLEFTEÅ,Västerbottens län,77,64.7507653,20.9507403
409,2405,"Östra Järnvägsgatan, Vännäs, Sweden",POINT (19.7514652 63.9083664),2405,,Butik,VÄNNÄS,Västerbottens län,60,63.9083664,19.7514652
410,2406,"Storgatan, Lycksele, Sweden",POINT (18.6707523 64.6004689),2406,,Butik,LYCKSELE,Västerbottens län,53,64.6004689,18.6707523
411,2407,"Volgsjövägen, Vilhelmina, Sweden",POINT (16.6522014 64.62605789999999),2407,,Butik,VILHELMINA,Västerbottens län,38,64.62605789999999,16.6522014
412,2408,"Stationsgatan, 923 31 Storuman, Sweden",POINT (17.1151559 65.0960436),2408,,Butik,STORUMAN,Västerbottens län,42,65.0960436,17.1151559
413,2409,"Storgatan, Åsele, Sweden",POINT (17.3510754 64.16113419999999),2409,,Butik,ÅSELE,Västerbottens län,38,64.16113419999999,17.3510754
414,2410,"Storgatan, 930 70 Malå, Sweden",POINT (18.7390971 65.18454699999999),2410,,Butik,MALÅ,Västerbottens län,38,65.184547,18.7390971
415,2411,"Strandvägen, Sorsele, Sweden",POINT (17.5225826 65.53933359999999),2411,,Butik,SORSELE,Västerbottens län,38,65.53933359999999,17.5225826
416,2412,"Parkvägen, Dorotea, Sweden",POINT (16.417933 64.26110629999999),2412,,Butik,DOROTEA,Västerbottens län,38,64.2611063,16.417933
417,2413,"Affärsvägen, Nordmaling, Sweden",POINT (19.4959586 63.5669899),2413,,Butik,NORDMALING,Västerbottens län,54,63.5669899,19.4959586
418,2414,"Storgatan, Norsjö, Sweden",POINT (19.4775903 64.9145638),2414,,Butik,NORSJÖ,Västerbottens län,39,64.9145638,19.4775903
419,2415,"Järnvägsallén, Vindeln, Sweden",POINT (19.718143 64.202671),2415,,Butik,VINDELN,Västerbottens län,38,64.202671,19.718143
420,2416,"Formvägen, 906 21 Umeå, Sweden",POINT (20.3088167 63.8507896),2416,Ersboda,Butik,UMEÅ,Västerbottens län,82,63.8507896,20.3088167
421,2417,"Storgatan 29B, 915 31 Robertsfors, Sweden",POINT (20.8478494 64.19267549999999),2417,,Butik,ROBERTSFORS,Västerbottens län,39,64.19267549999999,20.8478494
422,2418,"Storgatan, 916 31 Bjurholm, Sweden",POINT (19.2120215 63.9297628),2418,,Butik,BJURHOLM,Västerbottens län,38,63.9297628,19.2120215
423,2419,"Blå vägen, Sweden",POINT (17.7055663 64.9752637),2419,,Butik,HEMAVAN,Västerbottens län,61,64.9752637,17.7055663
424,2420,"Marknadsgatan 5, 904 22 Umeå, Sweden",POINT (20.2544497 63.8058531),2420,Avion,Butik,UMEÅ,Västerbottens län,78,63.8058531,20.2544497
425,2501,"Storgatan, Luleå, Sweden",POINT (22.1521157 65.58419379999999),2501,,Butik,LULEÅ,Norrbottens län,76,65.5841938,22.1521157
426,2503,"Besiktningsvägen 19A, 973 45 Luleå, Sweden",POINT (22.046603 65.6190701),2503,Storheden,Butik,LULEÅ,Norrbottens län,83,65.6190701,22.046603
427,2504,"Storgatan, Piteå, Sweden",POINT (21.4720501 65.3192478),2504,,Butik,PITEÅ,Norrbottens län,82,65.3192478,21.4720501
428,2505,"Drottninggatan 8b, 961 35 Boden, Sweden",POINT (21.6852649 65.82352419999999),2505,,Butik,BODEN,Norrbottens län,76,65.8235242,21.6852649
429,2506,"Norra Esplanaden, Haparanda, Sweden",POINT (24.1321841 65.8392277),2506,,Butik,HAPARANDA,Norrbottens län,56,65.8392277,24.1321841
430,2507,"Geologgatan 7B, 981 31 Kiruna, Sweden",POINT (20.2277663 67.854316),2507,,Butik,KIRUNA,Norrbottens län,76,67.854316,20.2277663
431,2508,"Hantverkaregatan, Gällivare, Sweden",POINT (20.6624883 67.1353398),2508,,Butik,GÄLLIVARE,Norrbottens län,55,67.1353398,20.6624883
432,2509,"Stationsgatan 21A, 933 32 Arvidsjaur, Sweden",POINT (19.1746176 65.5921137),2509,,Butik,ARVIDSJAUR,Norrbottens län,53,65.5921137,19.1746176
433,2510,"Strandgatan, Kalix, Sweden",POINT (23.1429847 65.8553823),2510,,Butik,KALIX,Norrbottens län,61,65.8553823,23.1429847
434,2511,"Berggatan, 962 32 Jokkmokk, Sweden",POINT (19.8288586 66.6064186),2511,,Butik,JOKKMOKK,Norrbottens län,40,66.6064186,19.8288586
435,2512,"Skolgatan, Älvsbyn, Sweden",POINT (21.0115702 65.6712891),2512,,Butik,ÄLVSBYN,Norrbottens län,53,65.6712891,21.0115702
436,2513,"Medborgarvägen, 984 31 Pajala, Sweden",POINT (23.3700378 67.2120884),2513,,Butik,PAJALA,Norrbottens län,38,67.2120884,23.3700378
437,2514,"Hemvägen, 957 31 Övertorneå, Sweden",POINT (23.6538163 66.38338519999999),2514,,Butik,ÖVERTORNEÅ,Norrbottens län,39,66.38338519999999,23.6538163
438,2515,"Storgatan 15B, 938 31 Arjeplog, Sweden",POINT (17.892314 66.0524076),2515,,Butik,ARJEPLOG,Norrbottens län,41,66.0524076,17.892314
439,2516,"Tvärgatan, 956 31 Överkalix, Sweden",POINT (22.8433528 66.3252739),2516,,Butik,ÖVERKALIX,Norrbottens län,38,66.3252739,22.8433528
